nombre_cientifico,autor_nombre_cientifico
Potamotrygon motoro,(Muller & Henle 1841)
Potamotrygon motoro,(Muller & Henle 1841)
Potamotrygon motoro,(Muller & Henle 1841)
Potamotrygon motoro,(Muller & Henle 1841)
Paratrygon aiereba,(Muller & Henle 1841)
Potamotrygon tigrina,"Carvalho, Sabaj & Lovejoy 2011"
Potamotrygon motoro,(Muller & Henle 1841)
Potamotrygon motoro,(Muller & Henle 1841)
Lepidosiren paradoxa,Fitzinger 1837
Osteoglossum bicirrhosum,(Cuvier 1829)
Osteoglossum bicirrhosum,(Cuvier 1829)
Arapaima gigas,(Schinz 1822)
Arapaima gigas,(Schinz 1822)
Anchoviella sp.,
Lycengraulis batesii,(Günther 1868)
Pellona flavipinnis,(Valenciennes 1836)
Pellona flavipinnis,(Valenciennes 1836)
Pellona flavipinnis,(Valenciennes 1836)
Pristigaster cayana,Cuvier 1829
Pristigaster cayana,Cuvier 1829
Hemiodus microlepis,Kner 1858
Hemiodus microlepis,Kner 1858
Hemiodus microlepis,Kner 1858
Anodus elongatus,Agassiz 1829
Anodus elongatus,Agassiz 1829
Hemiodus unimaculatus,(Bloch 1794)
Parodon buckleyi,Boulenger 1887
Curimata vittata,(Kner 1858)
Steindachnerina guentheri,(Eigenmann & Eigenmann 1889)
Curimata vittata,"(Kner, 1858)"
Curimatella alburnus,(Müller & Troschel 1844)
Curimatella alburnus,(Müller & Troschel 1844)
Curimatella alburnus,(Müller & Troschel 1844)
Curimata roseni,Vari 1989
Potamorhina altamazonica,(Cope 1878)
Potamorhina pristigaster,(Steindachner 1876)
Cyphocharax pantostictos,Vari & Barriga Salazar 1990
Cyphocharax spiluropsis,(Eigenmann & Eigenmann 1889)
Steindachnerina leucisca,(Günther 1868)
Curimata cisandina,(Allen 1942)
Cyphocharax festivus,Vari 1992
Potamorhina pristigaster,(Steindachner 1876)
Psectrogaster rutiloides,(Kner 1858)
Potamorhina altamazonica,(Cope 1878)
Curimata aspera,(Günther 1868)
Psectrogaster essequibensis,(Günther 1864)
Psectrogaster essequibensis,(Günther 1864)
Psectrogaster amazonica,Eigenmann & Eigenmann 1889
Psectrogaster amazonica,Eigenmann & Eigenmann 1889
Cyphocharax festivus,Vari 1992
Curimata knerii,(Steindachner 1876)
Curimatella alburnus,(Müller & Troschel 1844)
Psectrogaster amazonica,Eigenmann & Eigenmann 1889
Psectrogaster essequibensis,(Günther 1864)
Curimatella meyeri,(Steindachner 1882)
Curimatella meyeri,(Steindachner 1882)
Potamorhina latior,(Spix & Agassiz 1829)
Curimatella alburnus,(Müller & Troschel 1844)
Curimatella meyeri,(Steindachner 1882)
Curimata aspera,(Günther 1868)
Curimata cisandina,(Allen 1942)
Cyphocharax spiluropsis,(Eigenmann & Eigenmann 1889)
Curimata knerii,(Steindachner 1876)
Psectrogaster essequibensis,(Günther 1864)
Cyphocharax festivus,Vari 1992
Curimata vittata,(Kner 1858)
Curimatella meyeri,(Steindachner 1882)
Curimatella meyeri,(Steindachner 1882)
Curimatella alburnus,(Müller & Troschel 1844)
Steindachnerina planiventris,Vari &Vari 1989
Psectrogaster amazonica,Eigenmann & Eigenmann 1889
Curimata knerii,(Steindachner 1876)
Psectrogaster amazonica,Eigenmann & Eigenmann 1889
Psectrogaster amazonica,Eigenmann & Eigenmann 1889
Psectrogaster amazonica,Eigenmann & Eigenmann 1889
Steindachnerina bimaculata,(Steindachner 1876)
Psectrogaster amazonica,Eigenmann & Eigenmann 1889
Curimatella alburnus,(Müller & Troschel 1844)
Potamorhina altamazonica,(Cope 1878)
Cyphocharax spiluropsis,(Eigenmann & Eigenmann 1889)
Curimata cisandina,(Allen 1942)
Psectrogaster rutiloides,(Kner 1858)
Curimatella meyeri,(Steindachner 1882)
Psectrogaster amazonica,Eigenmann & Eigenmann 1889
Curimatella meyeri,(Steindachner 1882)
Steindachnerina quasimodoi,Vari & Vari 1989
Curimata vittata,(Kner 1858)
Steindachnerina planiventris,Vari & Vari 1989
Steindachnerina planiventris,Vari & Vari 1989
Curimata roseni,Vari 1989
Curimata cisandina,(Allen 1942)
Curimatopsis macrolepis,(Steindachner 1876)
Curimatella dorsalis,(Eigenmann & Eigenmann 1889)
Steindachnerina dobula,(Günther 1868)
Steindachnerina bimaculata,(Steindachner 1876)
Steindachnerina guentheri,(Eigenmann & Eigenmann 1889)
Curimata knerii,(Steindachner 1876)
Curimatella meyeri,(Steindachner 1882)
Cyphocharax pantostictos,Vari & Barriga Salazar 1990
Curimatella alburnus,(Müller & Troschel 1844)
Steindachnerina hypostoma,(Boulenger 1887)
Cyphocharax spiluropsis,(Eigenmann & Eigenmann 1889)
Prochilodus nigricans,Spix & Agassiz 1829
Semaprochilodus insignis,(Jardine & Schomburgk 1841)
Prochilodus nigricans,Spix & Agassiz 1829
Prochilodus nigricans,Spix & Agassiz 1829
Prochilodus nigricans,Spix & Agassiz 1829
Prochilodus nigricans,Spix & Agassiz 1829
Prochilodus nigricans,Spix & Agassiz 1829
Prochilodus nigricans,Spix & Agassiz 1829
Prochilodus nigricans,Spix & Agassiz 1829
Prochilodus nigricans,Spix & Agassiz 1829
Prochilodus nigricans,Spix & Agassiz 1829
Semaprochilodus insignis,(Jardine & Schomburgk 1841)
Semaprochilodus insignis,(Jardine & Schomburgk 1841)
Prochilodus nigricans,Spix & Agassiz 1829
Prochilodus nigricans,Spix & Agassiz 1829
Schizodon fasciatus,Spix & Agassiz 1829
Leporinus fasciatus,(Bloch 1794)
Laemolyta taeniata,(Kner 1858)
Leporinus friderici,(Bloch 1794)
Laemolyta taeniata,(Kner 1858)
Megaleporinus trifasciatus,Steindachner 1876
Leporinus friderici,(Bloch 1794)
Leporinus agassizi,Steindachner 1876
Leporinus maculatus,Müller & Troschel 1844
Leporinus fasciatus,(Bloch 1794)
Leporinus agassizi,Steindachner 1876
Megaleporinus trifasciatus,Steindachner 1876
Leporinus fasciatus,(Bloch 1794)
Leporinus agassizi,Steindachner 1876
Chilodus punctatus,Müller & Troschel 1844
Hoplias malabaricus,(Bloch 1794)
Erythrinus erythrinus,(Bloch & Schneider 1801)
Erythrinus erythrinus,(Bloch & Schneider 1801)
Hoplias malabaricus,(Bloch 1794)
Hoplias malabaricus,(Bloch 1794)
Hoplias malabaricus,(Bloch 1794)
Hoplerythrinus unitaeniatus,(Agassiz 1829)
Pyrrhulina brevis,Steindachner 1876
Nannostomus trifasciatus,Steindachner 1876
Pyrrhulina vittata,Regan 1912
Copella metae,(Eigenmann 1914)
Pyrrhulina vittata,Regan 1912
Nannostomus eques,Steindachner 1876
Nannostomus trifasciatus,Steindachner 1876
Copeina guttata,(Steindachner 1876)
Pyrrhulina brevis,Steindachner 1876
Thoracocharax stellatus,(Kner 1858)
Thoracocharax stellatus,(Kner 1858)
Gasteropelecus sternicla,(Linnaeus 1758)
Boulengerella maculata,(Valenciennes 1850)
Boulengerella cuvieri,(Spix & Agassiz 1829)
Acestrorhynchus falcatus,(Bloch 1794)
Acestrorhynchus microlepis,(Schomburgk 1841)
Acestrorhynchus lacustris,(Lütken 1875)
Acestrorhynchus lacustris,(Lütken 1875)
Hydrolycus scomberoides,(Cuvier 1816)
Hydrolycus scomberoides,(Cuvier 1816)
Cynodon gibbus,Spix & Agassiz 1829
Cynodon gibbus,Spix & Agassiz 1829
Hydrolycus scomberoides,(Cuvier 1816)
Myloplus rubripinnis,(Müller & Troschel 1844)
Mylossoma albiscopum,(Cope 1872)
Serrasalmus compressus,"Jégu, Leão & Santos 1991"
Serrasalmus elongatus,Kner 1858
Serrasalmus rhombeus,(Linnaeus 1766)
Pygocentrus nattereri,Kner 1858
Serrasalmus elongatus,Kner 1858
Colossoma macropomum,(Cuvier 1818)
Serrasalmus rhombeus,(Linnaeus 1766)
Serrasalmus rhombeus,(Linnaeus 1766)
Pygocentrus nattereri,Kner 1858
Serrasalmus rhombeus,(Linnaeus 1766)
Mylossoma albiscopum,(Cope 1872)
Metynnis luna,Cope 1878
Pygocentrus nattereri,Kner 1858
Myloplus rubripinnis,(Müller & Troschel 1844)
Pygocentrus nattereri,Kner 1858
Myloplus rubripinnis,(Müller & Troschel 1844)
Piaractus brachypomus,(Cuvier 1818)
Serrasalmus rhombeus,(Linnaeus 1766)
Pygocentrus nattereri,Kner 1858
Serrasalmus humeralis,Valenciennes 1850
Serrasalmus humeralis,Valenciennes 1850
Serrasalmus rhombeus,(Linnaeus 1766)
Serrasalmus rhombeus,(Linnaeus 1766)
Serrasalmus elongatus,Kner 1858
Serrasalmus rhombeus,(Linnaeus 1766)
Serrasalmus spilopleura,Kner 1858
Mylossoma albiscopum,(Cope 1872)
Metynnis luna,Cope 1878
Charax caudimaculatus,Lucena 1987
Bryconops melanurus,(Bloch 1794)
Moenkhausia oligolepis,(Günther 1864)
Paragoniates alburnus,Steindachner 1876
Astyanax abramis,(Jenyns 1842)
Astyanax multidens ,(Pearson 1924)
Astyanax multidens ,(Pearson 1924)
Aphyocharax pusillus,Günther 1868
Jupiaba anteroides ,(Géry 1965)
Bryconops inpai ,"Knöppel, Junk & Géry 1968"
Bryconops melanurus,(Bloch 1794)
Chrysobrycon cf. hesperus ,(Böhlke 1958)
Chrysobrycon eliasi,"Vanegas, Azpelicueta & Ortega 2011 "
Chrysobrycon yoliae,"Vanegas-Ríos, Azpelicueta & Ortega 2014"
Microschemobrycon sp.,
Serrapinnus sp.,
Hemigrammus ocellifer,(Steindachner 1882)
Hemigrammus unilineatus,(Gill 1858)
Hemigrammus pulcher,Ladiges 1938
Hemigrammus hyanuary,Durbin 1918
Moenkhausia agnesae,Géry 1965
Moenkhausia collettii,(Steindachner 1882)
Prionobrama filigera,(Cope 1870)
Paragoniates alburnus,Steindachner 1876
Tetragonopterus argenteus,Cuvier 1816
Charax gibbosus,(Linnaeus 1758)
Ctenobrycon hauxwellianus,(Cope 1870)
Astyanax abramis,(Jenyns 1842)
Roeboides myersii,Fowler 1932
Creagrutus cochui,Géry 1964
Moenkhausia oligolepis,(Günther 1864)
Ctenobrycon hauxwellianus,(Cope 1870)
Tetragonopterus chalceus,Spix & Agassiz 1829
Roeboides myersii,Fowler 1932
Cynopotamus amazonus,(Günther 1868)
Cynopotamus amazonus,(Günther 1868)
Roeboides myersii,Fowler 1932
Cynopotamus amazonus,(Günther 1868)
Triportheus angulatus,(Spix & Agassiz 1829)
Triportheus angulatus,(Spix & Agassiz 1829)
Brycon melanopterus,(Cope 1872)
Triportheus angulatus,(Spix & Agassiz 1829)
Triportheus angulatus,(Spix & Agassiz 1829)
Chalceus macrolepidotus,Cuvier 1816
Chalceus erythrurus,(Cope 1870)
Bryconops inpai ,"Knöppel, Junk & Géry 1968"
Brycon melanopterus,(Cope 1872)
Characidium sp. ,
Tenellus sp. ,
Platydoras armatulus,(Valenciennes 1840)
Leptodoras acipenserinus,(Günther 1868)
Amblydoras affinis,(Kner 1855)
Platydoras armatulus,(Valenciennes 1840)
Amblydoras hancockii,(Valenciennes 1840)
Ageneiosus inermis,Linnaeus 1766
Trachelyopterus galeatus,(Linnaeus 1766)
Centromochlus heckelii,(De Filippi 1853)
Auchenipterus nuchalis,Spix & Agassiz 1829
Tatia intermedia ,(Steindachner 1877)
Pimelodus blochii,Valenciennes 1840
Brachyplatystoma rousseauxii,(Castelnau 1855)
Sorubim elongatus,"Littmann, Burr, Schmidt & Isern 2001"
Pimelodus blochii,Valenciennes 1840
Pimelodus pictus ,Steindachner 1876
Pimelodus blochii,Valenciennes 1840
Callophysus macropterus ,(Lichtenstein 1819)
Leiarius marmoratus ,(Gill 1870)
Pimelodus pictus ,Steindachner 1876
Platysilurus mucosus,(Vaillant 1880)
Pseudoplatystoma punctifer ,(Castelnau 1855)
Pinirampus pirinampu ,(Spix & Agassiz 1829)
Zungaro zungaro ,(Humboldt 1821)
Hemisorubim platyrhynchos ,(Valenciennes 1840)
Pinirampus pirinampu ,(Spix & Agassiz 1829)
Pimelodus blochii,Valenciennes 1840
Hypophthalmus oremaculatus ,Nani and Fuster 1947
Hypophthalmus celiae ,"Littman, Lundberg & Rocha 2021"
Brachyplatystoma rousseauxii,(Castelnau 1855)
Rhamdia quelen,(Quoy y Gaimard 1824)
Ageneiosus uranophthalmus,Ribeiro y Rapp Py-Daniel 2010
Pimelodella cristata,(Müller y Troschel 1849)
Pimelodella gracilis ,(Valenciennes 1835)
Pimelodella cristata,(Müller y Troschel 1849)
Pimelodella buckleyi ,(Boulenger 1887)
Pimelodella cristata,(Müller y Troschel 1849)
Pimelodella cristata,(Müller y Troschel 1849)
Pimelodella cristata,(Müller y Troschel 1849)
Tatia dunni ,(Fowler 1945)
Ageneiosus vittatus ,Steindachner 1908
Cetopsis candiru ,Spix & Agassiz 1829
Cetopsis coecutiens ,(Lichtenstein 1819)
Cetopsis sp. ,
Pseudopimelodus bufonius ,(Valenciennes 1840)
Pseudopimelodus bufonius ,(Valenciennes 1840)
Bunocephalus verrucosus ,(Walbaum 1792)
Bunocephalus coracoideus,(Cope 1874)
Bunocephalus coracoideus,(Cope 1874)
Pseudobunocephalus bifidus ,(Eigenmann 1942)
Bunocephalus coracoideus,(Cope 1874)
Amaralia hypsiura,(Kner 1855)
Bunocephalus coracoideus,(Cope 1874)
Bunocephalus coracoideus,(Cope 1874)
Henonemus punctatus ,(Boulenger 1887)
Hoplosternum littorale ,(Hancock 1828)
Megalechis thoracata ,(Valenciennes 1840)
Callichthys callichthys,(Linneo 1758)
Hoplosternum littorale ,(Hancock 1828)
Corydoras splendens ,(Castelnau 1855)
Corydoras leucomelas ,Eigenmann & Allen 1942
Corydoras splendens ,(Castelnau 1855)
Corydoras multiradiatus ,(Orcés V. 1960).
Callichthys callichthys,(Linneo 1758)
Megalechis thoracata ,(Valenciennes 1840)
Dianema longibarbis ,Cope 1872
Corydoras leucomelas ,Eigenmann & Allen 1942
Corydoras agassizii ,Steindachner 1876
Megalechis thoracata ,(Valenciennes 1840)
Megalechis picta ,(Müller & Troschel 1849)
Ancistrus sp. 1,
Ancistrus sp. 2,
Farlowella amazonum ,(Günther 1864)
Aphanotorulus emarginatus ,(Valenciennes 1840)
Chaetostoma sp. ,
Chaetostoma sp. ,
Farlowella amazonum ,(Günther 1864)
Pterygoplichthys scrophus,(Cope 1874)
Hemiodontichthys acipenserinus,(Kner 1853)
Hemiodontichthys acipenserinus,(Kner 1853)
Panaque sp. ,
Aphanotorulus emarginatus ,(Valenciennes 1840)
Rineloricaria cf. wolfei,Fowler 1940
Pterygoplichthys pardalis ,(Castelnau 1855)
Hypostomus sp. 1 ,
Pseudorinelepis genibarbis ,(Valenciennes 1840)
Hypostomus oculeus,(Fowler 1943)
Pterygoplichthys scrophus,(Cope 1874)
Hypostomus sp. 2,
Hypostomus sp. 3 ,
Pterygoplichthys pardalis ,(Castelnau 1855)
Peckoltia sp. 1,
Hypostomus sp. 4,
Peckoltia sp. 2,
Hypoptopoma gulare,
Pterygoplichthys scrophus,(Cope 1874)
Loricariichthys sp. ,
Hypostomus oculeus,(Fowler 1943)
Hypostomus oculeus,(Fowler 1943)
Aphanotorulus emarginatus ,(Valenciennes 1840)
Spatuloricaria evansii,(Boulenger 1892)
Aphanotorulus emarginatus ,(Valenciennes 1840)
Peckoltichthys bachi,Boulenger 1898)
Pterygoplichthys scrophus,(Cope 1874)
Peckoltichthys bachi,Boulenger 1898)
Pseudorinelepis genibarbis ,
Aphanotorulus horridus ,(Kner 1854)
Pterygoplichthys pardalis ,(Castelnau 1855)
Loricariichthys maculatus,(Bloch 1794)
Loricariichthys nudirostris,(Kner 1853)
Peckoltichthys bachi,Boulenger 1898)
Hypostomus oculeus,(Fowler 1943)
Loricariichthys maculatus,(Bloch 1794)
Ancistrus sp. 2,
Sternopygus macrurus,(Bloch & Schneider 1801)
Electrophorus varii,"de Santana, Wosiacki, Crampton, Sabaj, Dillman, Mendes-Júnior & Castro e C. 2019"
Sternopygus macrurus,(Bloch & Schneider 1801)
Gymnotus carapo ,Linnaeus 1758
Electrophorus varii,"de Santana, Wosiacki, Crampton, Sabaj, Dillman, Mendes-Júnior & Castro e C. 2019"
Gymnotus carapo ,Linnaeus 1758
Brachyhypopomus sp.,
Rhamphichthys pantherinus ,Castelnau 1855
Rhamphichthys pantherinus ,Castelnau 1856
Oncorhynchus mykiss,(Walbaum 1792)
Oncorhynchus mykiss,(Walbaum 1792)
Thalassophryne amazonica,Steindachner 1876
Thalassophryne amazonica,Steindachner 1876
Synbranchus marmoratus,Bloch 1795
Synbranchus marmoratus,Bloch 1795
Synbranchus marmoratus,Bloch 1795
Hypoclinemus mentalis ,(Günther 1862)
Hypoclinemus mentalis ,(Günther 1862)
Hypoclinemus mentalis ,(Günther 1862)
Hypoclinemus mentalis ,(Günther 1862)
Hypoclinemus mentalis ,(Günther 1862)
Apionichthys cf. nattereri,(Steindachner 1876)
Hypoclinemus mentalis ,(Günther 1862)
Heros efasciatus ,Heckel 1840
Cichlasoma amazonarum,Kullander 1983
Satanoperca jurupari,(Heckel 1840)
Cichla monoculus,Spix & Agassiz 1831
Aequidens tetramerus,(Heckel 1840)
Biotodoma cupido,(Heckel 1840)
Aequidens tetramerus,(Heckel 1840)
Chaetobranchus flavescens,Heckel 1840
Chaetobranchus semifasciatus,Steindachner 1875
Pterophyllum scalare,(Schultze 1823)
Cichla monoculus,Spix & Agassiz 1831
Mesonauta mirificus,Kullander & Silfvergrip 1991
Crenicichla johanna,Heckel 1840
Aequidens tetramerus,(Heckel 1840)
Heros efasciatus ,Heckel 1840
Aequidens tetramerus,(Heckel 1840)
Crenicichla proteus,Cope 1872
Cichlasoma amazonarum,Kullander 1983
Aequidens tetramerus,(Heckel 1840)
Crenicichla lucius ,Cope 1870
Aequidens tetramerus,(Heckel 1840)
Satanoperca jurupari,(Heckel 1840)
Bujurquina peregrinabunda ,Kullander 1986
Myloplus schomburgkii,(Jardine 1841)
Myloplus schomburgkii,(Jardine 1841)
Myloplus schomburgkii,(Jardine 1841)
Lugubria cincta,(Regan 1905)
Bujurquina peregrinabunda ,Kullander 1986
Chaetobranchus flavescens,Heckel 1840
Pterophyllum scalare,(Schultze 1823)
Cichla monoculus,Spix & Agassiz 1831
Satanoperca jurupari,(Heckel 1840)
Cichlasoma amazonarum,Kullander 1983
Bujurquina moriorum,Kullander 1986
Mesonauta insignis,(Heckel 1840)
Bujurquina syspilus,(Cope 1872)
Satanoperca jurupari,(Heckel 1840)
Bujurquina ortegai,Kullander 1986
Crenicichla sedentaria,Kullander 1986
Aequidens tetramerus,(Heckel 1840)
Cichlasoma amazonarum,Kullander 1983
Bujurquina syspilus,(Cope 1872)
Bujurquina robusta,Kullander 1986
Crenicichla proteus,Cope 1872
Chaetobranchus flavescens,Heckel 1840
Crenicichla johanna,Heckel 1840
Astronotus ocellatus,(Agassiz 1831)
Mesonauta insignis,(Heckel 1840)
Aequidens tetramerus,(Heckel 1840)
Biotodoma cupido,(Heckel 1840)
Crenicichla johanna,Heckel 1840
Chaetobranchus flavescens,Heckel 1840
Crenicichla johanna,Heckel 1840
Satanoperca jurupari,(Heckel 1840)
Bujurquina robusta,Kullander 1986
Lugubria cincta,(Regan 1905)
Hypselecara temporalis,(Günther 1862)
Biotodoma cupido,(Heckel 1840)
Cichlasoma amazonarum,Kullander 1983
Satanoperca jurupari,(Heckel 1840)
Mesonauta insignis,(Heckel 1840)
Heros efasciatus ,Heckel 1840
Heros efasciatus ,Heckel 1840
Satanoperca jurupari,(Heckel 1840)
Heros efasciatus ,Heckel 1840
Acaronia nassa,(Heckel 1840)
Hypselecara temporalis,(Günther 1862)
Hypselecara temporalis,(Günther 1862)
Acaronia nassa,(Heckel 1840)
Hypselecara temporalis,(Günther 1862)
Bujurquina peregrinabunda ,Kullander 1986
Aequidens tetramerus,(Heckel 1840)
Bujurquina syspilus,(Cope 1872)
Cichla monoculus,"Spix & Agassiz,1831"
Heros efasciatus ,Heckel 1840
Aequidens tetramerus,(Heckel 1840)
Crenicichla proteus,Cope 1872
Saxatilia anthurus,(Cope 1872)
Bujurquina peregrinabunda ,Kullander 1986
Bujurquina peregrinabunda ,Kullander 1986
Bujurquina pardus,"Arbour, Barriga Salazar & López-Fernández 2014"
Bujurquina moriorum,Kullander 1986
Crenicichla proteus,Cope 1872
Heroina isonycterina,Kullander 1996
Bujurquina peregrinabunda ,Kullander 1986
Cichlasoma amazonarum,Kullander 1983
Mesonauta insignis,(Heckel 1840)
Cichlasoma amazonarum,Kullander 1983
Hypselecara temporalis,(Günther 1862)
Satanoperca jurupari,(Heckel 1840)
Aequidens tetramerus,(Heckel 1840)
Lugubria cincta,(Regan 1905)
Chaetobranchus semifasciatus,Steindachner 1875
Chaetobranchus flavescens,Heckel 1840
Cichla monoculus,Spix & Agassiz 1831
Crenicichla johanna,Heckel 1840
Acaronia nassa,(Heckel 1840)
Crenicichla proteus,Cope 1872
Bujurquina moriorum,Kullander 1986
Acaronia nassa,(Heckel 1840)
Biotodoma cupido,(Heckel 1840)
Acaronia nassa,(Heckel 1840)
Biotodoma cupido,(Heckel 1840)
Mesonauta insignis,(Heckel 1840)
Cichlasoma amazonarum,Kullander 1983
Crenicichla proteus,Cope 1872
Aequidens tetramerus,(Heckel 1840)
Biotodoma cupido,(Heckel 1840)
Crenicara punctulata ,(Günther 1863)
Crenicara punctulata ,(Günther 1863)
Mesonauta insignis,(Heckel 1840)
Apistogramma sp. ,
Bujurquina peregrinabunda ,Kullander 1986
Biotodoma cupido,(Heckel 1840)
Mesonauta mirificus,Kullander & Silfvergrip 1991
Crenicichla lucius ,Cope 1870
Pterophyllum scalare,(Schultze 1823)
Biotodoma cupido,(Heckel 1840)
Bujurquina peregrinabunda ,Kullander 1986
Lugubria cincta,(Regan 1905)
Crenicichla proteus,Cope 1872
Aequidens tetramerus,(Heckel 1840)
Crenicichla lucius ,Cope 1870
Hypselecara temporalis,(Günther 1862)
Satanoperca jurupari,(Heckel 1840)
Biotodoma cupido,(Heckel 1840)
Satanoperca jurupari,(Heckel 1840)
Astronotus ocellatus,(Agassiz 1831)
Cichla monoculus,Spix & Agassiz 1831
Hypselecara temporalis,(Günther 1862)
Heros efasciatus ,Heckel 1840
Aequidens tetramerus,(Heckel 1840)
Cichlasoma amazonarum,Kullander 1983
Crenicichla proteus,Cope 1872
Aequidens diadema ,(Heckel 1840)
Tahuantinsuyoa macantzatza,Kullander 1986
Crenicara punctulata ,(Günther 1863)
Bujurquina pardus,"Arbour, Barriga Salazar & López-Fernández 2014"
Saxatilia anthurus,(Cope 1872)
Bujurquina peregrinabunda ,Kullander 1986
Bujurquina moriorum,Kullander 1986
Saxatilia anthurus,(Cope 1872)
Chaetobranchus flavescens,Heckel 1840
Hypselecara temporalis,(Günther 1862)
Acarichthys heckelii,(Müller & Troschel 1849)
Aequidens diadema ,(Heckel 1840)
Chaetobranchus semifasciatus,Steindachner 1875
Pristigaster cayana,Cuvier 1829
Heroina isonycterina,Kullander 1996
Bujurquina peregrinabunda ,Kullander 1986
Paragoniates alburnus,Steindachner 1876
Moenkhausia oligolepis,(Günther 1864)
Stethaprion erythrops ,Cope 1870
Thoracocharax stellatus,(Kner 1858)
Hypoclinemus mentalis ,(Günther 1862)
Corydoras pastazensis ,Weitzman 1963
Hypoclinemus mentalis ,(Günther 1862)
Crenicichla reticulatus ,(Heckel 1840)
Corydoras armatus ,(Günther 1868)
knodus sp. ,
Serrasalmus rhombeus,(Linnaeus 1766)
Thoracocharax securis ,(De Filippi 1853)
Bujurquina pardus,"Arbour, Barriga Salazar & López-Fernández 2014"
Saxatilia anthurus,(Cope 1872)
Sternopygus macrurus,(Bloch & Schneider 1801)
Gymnotus javari ,"Albert, Crampton & Hagedorn 2003"
Moenkhausia comma ,Eigenmann 1908
Moenkhausia oligolepis,(Günther 1864)
Thoracocharax stellatus,(Kner 1858)
Duringlanis perugiae,(Steindachner 1882)
Tetragonopterus argenteus,Cuvier 1816
Bujurquina huallagae,kullander 1986
Rhamdia quelen,(Quoy & Gaimard 1824)
Serrasalmus rhombeus,(Linnaeus 1766)
Characidium sp. ,
Sphoeroides asellus,(Müller & Troschel 1849)
Loricaria sp. ,
Serrasalmus rhombeus,(Linnaeus 1766)
Thoracocharax securis ,(De Filippi 1853)
Stichonodon insignis ,(Steindachner 1876)
Sphoeroides asellus,(Müller & Troschel 1849)
Hypoclinemus mentalis ,(Günther 1862)
Henonemus sp. ,
Aphanotorulus emarginatus ,(Valenciennes 1840)
Stichonodon insignis ,(Steindachner 1876)
Metynnis sp. ,
Triportheus angulatus,(Spix & Agassiz 1829)
Triportheus angulatus,(Spix & Agassiz 1829)
Schizodon fasciatus,Spix & Agassiz 1829
Tetragonopterus argenteus,Cuvier 1816
Sphoeroides asellus,(Müller & Troschel 1849)
Psectrogaster amazonica,Eigenmann & Eigenmann 1889
Astyanax sp. ,
Crenicichla reticulatus ,(Heckel 1840)
Goeldiella eques ,(Müller & Troschel 1849)
Centromochlus heckelii,(De Filippi 1853)
Sphoeroides asellus,(Müller & Troschel 1849)
Mylossoma aureum,(Spix & Agassiz 1829)
Curimatella sp. 1,
Steindachnerina sp. ,
Tetragonopterus argenteus,Cuvier 1816
Hoplias malabaricus,(Bloch 1794)
Sphoeroides asellus,(Müller & Troschel 1849)
Prionobrama filigera,(Cope 1870)
Hypoclinemus mentalis ,(Günther 1862)
Metynnis sp. ,
Hoplias malabaricus,(Bloch 1794)
Monocirrhus polyacanthus,Heckel 1840
Stichonodon insignis ,(Steindachner 1876)
Myloplus sp. ,
Peckoltichthys bachi,Boulenger 1898)
Megalechis picta ,(Müller & Troschel 1849)
Pristigaster cayana,Cuvier 1829
Hypoclinemus mentalis ,(Günther 1862)
Pseudohemiodon lamina,(Günther 1868)
Brycon amazonicus ,(Agassiz 1829)
Pterophyllum scalare,(Schultze 1823)
Charax sp.,
Moenkhausia oligolepis,(Günther 1864)
Serrasalmus sp. ,
Sphoeroides asellus,(Müller & Troschel 1849)
Sphoeroides asellus,(Müller & Troschel 1849)
Tetragonopterus argenteus,Cuvier 1816
Thoracocharax stellatus,(Kner 1858)
Ctenobrycon hauxwellianus,(Cope 1870)
Prionobrama filigera,(Cope 1870)
knodus sp. ,
Pyrrhulina sp.,
Pyrrhulina sp.,
Pyrrhulina sp.,
Pyrrhulina sp.,
Hoplerythrinus unitaeniatus,(Spix & Agassiz 1829)
Apionichthys sp. ,
Copeina osgoodi,Eigenmann 1922
Pyrrhulina zigzag ,Zarske & Géry 1997
Sphoeroides asellus,(Müller & Troschel 1849)
Pimelodus blochii,Valenciennes 1840
Thoracocharax stellatus,(Kner 1858)
Bujurquina peregrinabunda ,Kullander 1986
Rhamdia quelen,(Quoy & Gaimard 1824)
Megalechis picta ,(Müller & Troschel 1849)
Corydoras rabauti,LaMonte 1941
Corydoras semiaquilus,Weitzman 1964
Farlowella sp. ,
Ancistrus sp. 3,
Carnegiella strigata,(Günther 1864)
Tetragonopterus argenteus,Cuvier 1816
Prochilodus nigricans,Spix & Agassiz 1829
Curimata vittata,(Kner 1858)
Schizodon fasciatus,Spix & Agassiz 1829
Rhaphiodon vulpinus,Spix & Agassiz 1829
Hoplias malabaricus,(Bloch 1794)
Stethaprion erythrops ,Cope 1870
Cynodon gibbus,(Spix & Agassiz 1829)
Bujurquina peregrinabunda ,Kullander 1986
Lugubria cincta,(Regan 1905)
Brachychalcinus nummus,Böhlke 1958
Myloplus cf. levis ,(Eigenmann & McAtee 1907)
Moenkhausia oligolepis,(Günther 1864)
Moenkhausia comma ,Eigenmann 1908
Moenkhausia sp. ,
Mylossoma albiscopum,(Cope 1872)
Sternopygus macrurus,(Bloch & Schneider 1801)
Crenicichla johanna,Heckel 1840
Acestrorhynchus falcatus,(Bloch 1794)
Acestrorhynchus falcirostris,(Cuvier 1819)
Semaprochilodus insignis,(Jardine 1841)
Pseudanos trimaculatus,(Kner 1858)
Acanthodoras spinosissimus,(Eigenmann & Eigenmann 1888)
Platydoras armatulus,(Valenciennes 1840)
Batrochoglanis raninus,(Valenciennes 1840)
Metynnis maculatus,(Kner 1858)
Pimelodella cristata,(Müller y Troschel 1849)
Serrasalmus rhombeus,(Linnaeus 1766)
Cyphocharax notatus,(Steindachner 1908)
Cyphocharax spiluropsis,(Eigenmann & Eigenmann 1889)
Curimatella dorsalis,(Eigenmann & Eigenmann 1889)
Steindachnerina guentheri,(Eigenmann & Eigenmann 1889)
Ctenobrycon hauxwellianus,(Cope 1870)
Bryconops melanurus,(Bloch 1794)
Salminus iquitensis ,
Ageneiosus inermis,(Linnaeus 1766)
Potamorrhaphis guianensis,(Jardine 1843)
Pseudotylosurus angusticeps,(Günther 1866)
Auchenipterichthys coracoideus,(Eigenmann & Allen 1942)
Corydoras cf. sychri,Weitzman 1960
Charax tectifer,(Cope 1870)
Psectrogaster essequibensis,(Günther 1864)
Ancistrus sp. ,
Trachydoras nattereri,(Steindachner 1881)
Eigenmannia limbata,(Schreiner & Miranda Ribeiro 1903)
Pimelodus blochii,Valenciennes 1840
Moenkhausia grandisquamis,(Müller & Troschel 1845)
Platyurosternarchus macrostoma,(Günther 1870)
Farlowella amazonum ,(Günther 1864)
Farlowella smithi,Fowler 1913
Sorubim elongatus,"Littmann, Burr, Schmidt & Isern 2001"
Rineloricaria sp. ,
Hypoptopoma psilogaster,Fowler 1915
Parodon pongoensis,(Allen 1942)
Leporinus sp. ,
Leporinus moralesi,Fowler 1942
Leporinus friderici,(Bloch 1794)
Steatogenys elegans,(Steindachner 1880)
Gymnotus javari ,"Albert, Crampton & Hagedorn 2003"
Gasteropelecus sternicla,(Linnaeus 1758)
Hyphessobrycon copelandi,Durbin 1908
Moenkhausia intermedia,Eigenmann 1908
Moenkhuausia cf. dichroura ,(Kner 1858)
Phenacogaster pectinata,(Cope 1870)
Astyanax sp. ,
Iguanodectes spilurus,(Günther 1864)
Bryconops caudomaculatus,(Günther 1864)
Moenkhausia melogramma,Eigenmann 1908
Auchenipterus sp. 1,
Auchenipterus sp. 2,
Moenkhausia oligolepis,(Günther 1864)
Jupiaba sp.,
knodus sp. ,
Creagrutus sp. ,
Elachocharax pulcher,Myers 1927
Phenacorhamdia sp.,
Cyphocharax festivus,Vari 1992
Ochmacanthus reinhardtii ,(Steindachner 1882)
Microschemobrycon geisleri ,Géry 1973
Characidium pellucidum,Eigenmann 1909
Characidium pteroides,Eigenmann 1909
Stethaprion erythrops ,Cope 1870
Tetragonopterus argenteus,Cuvier 1816
Phenacorhamdia sp.,
Knodus sp. ,
Duringlanis perugiae,(Steindachner 1882)
Anablepsoides sp. ,
Imparfinis sp. ,
Denticetopsis seducta ,"Vari, Ferraris & de Pinna 2005"
Characidium pellucidum,Eigenmann 1909
Characidium steindachneri,Cope 1878
Characidium etheostoma ,Cope 1872
Melanocharacidium sp.,
Ammocryptocharax elegans ,Weitzman & Kanazawa 1976
Tyttocharax sp. ,
Pimelodella gracilis ,(Valenciennes 1835)
Hemigrammus marginatus ,Ellis 1911
Bryconops melanurus,(Bloch 1794)
Bujurquina peregrinabunda ,Kullander 1986
Satanoperca jurupari,(Heckel 1840)
Tatia intermedia ,(Steindachner 1877)
Crenicichla lucius ,Cope 1870
Laetacara thayeri ,(Steindachner 1875)
Trachelyopterus galeatus,(Linnaeus 1766)
Platydoras armatulus,(Valenciennes 1840)
Ancistrus sp. ,
Lasiancistrus schomburgkii ,(Günther 1864)
Panaqolus changae,(Chockley & Armbruster 2002)
Tatia dunni ,(Fowler 1945)
Bunocephalus coracoideus,(Cope 1874)
Apteronotus albifrons ,(Linnaeus 1766)
Potamorrhaphis eigenmanni ,Miranda Ribeiro 1915
Corydoras cf. sychri,Weitzman 1960
Pimelodella cristata,(Müller y Troschel 1849)
Thalassophryne amazonica,Steindachner 1876
Stethaprion erythrops ,Cope 1870
Denticetopsis seducta ,"Vari, Ferraris & de Pinna 2005"
Moenkhuausia cf. dichroura ,(Kner 1858)
Hemigrammus pulcher,Ladiges 1938
Tetragonopterus argenteus,Cuvier 1816
Curimatella dorsalis,(Eigenmann & Eigenmann 1889)
Knodus sp. ,
Characidium etheostoma ,Cope 1872
Leporinus sp. ,
Brachychalcinus nummus,Böhlke 1958
Phenacogaster sp. ,Lucena & Malabarba 2010
Rineloricaria sp. ,
Apistogramma eunotus ,"Kullander, 1981"
Phenacorhamdia sp.,
Sternopygus macrurus,(Bloch & Schneider 1801)
Triportheus angulatus,(Spix & Agassiz 1829)
Pygocentrus nattereri,Kner 1858
Brycon amazonicus ,(Agassiz 1829)
Lugubria cincta,(Regan 1905)
Acestrorhynchus heterolepis,(Cope 1878)
Bujurquina peregrinabunda ,Kullander 1986
Tatia dunni ,(Fowler 1945)
Hypostomus sp.,
Ancistrus sp. ,
Pimelodus ornatus ,Kner 1858
Hypselecara temporalis,(Günther 1862)
Pimelodella cristata,(Müller y Troschel 1849)
Platydoras armatulus,(Valenciennes 1840)
Roeboides myersii,Fowler 1932
Potamorrhaphis eigenmanni ,Miranda Ribeiro 1915
Pseudanos trimaculatus,(Kner 1858)
Curimatella alburnus,(Müller & Troschel 1844)
Batrochoglanis raninus,(Valenciennes 1840)
Cyphocharax notatus,(Steindachner 1908)
Synbranchus marmoratus,Bloch 1795
Prochilodus nigricans,Spix & Agassiz 1829
Planiloricaria cryptodon ,(Isbrücker 1971)
Mesonauta mirificus,Kullander & Silfvergrip 1991
Pterophyllum scalare,(Schultze 1823)
Heros efasciatus ,Heckel 1840
Aequidens tetramerus,(Heckel 1840)
Acarichthys heckelii,(Müller & Troschel 1849)
Erythrinus erythrinus,(Bloch & Schneider 1801)
Cyphocharax sp. ,
Acestrorhynchus falcirostris,(Cuvier 1819)
Iguanodectes purusii ,(Steindachner 1908)
Boulengerella maculata,(Valenciennes 1850)
Hemigrammus pulcher,Ladiges 1938
Ctenobrycon hauxwellianus,(Cope 1870)
Moenkhausia ceros ,Eigenmann 1908
Nannostomus eques,Steindachner 1876
Cichlasoma amazonarum,Kullander 1983
Carnegiella sp. ,
Hoplias malabaricus,(Bloch 1794)
Crenicichla sp. ,
Serrrasalmus sp. ,
Acaronia nassa,(Heckel 1840)
Leporinus fasciatus ,(Bloch 1794)
Bryconops melanurus,(Bloch 1794)
Laemolyta taeniata,(Kner 1858)
Brachyhypopomus sp.,
Chalceus sp. ,
Oxyropsis wrightiana,Eigenmann & Eigenmann 1889
Rineloricaria sp. ,
Moenkhausia cf. Lepidrua ,
Cyphocharax spiluropsis,(Eigenmann & Eigenmann 1889)
Electrophorus varii,"de Santana, Wosiacki, Crampton, Sabaj, Dillman, Mendes-Júnior & Castro 2019"
Heros efasciatus ,
Hemigrammus pulcher,Ladiges 1938
Hoplias malabaricus,(Bloch 1794)
Pterophyllum scalare,(Schultze 1823)
Iguanodectes sp. ,
Chilodus punctatus,Müller & Troschel 1844
Laemolyta taeniata,(Kner 1858)
Leporinus cf. Agassizii,steindachner 1876
Bryconops melanurus,(Bloch 1794)
Chalceus sp. ,
Acestrorhynchus sp. ,
Cyphocharax sp. 1,
Cyphocharax sp. 2,
Laemolyta taeniata,(Kner 1858)
Leporinus fasciatus ,(Bloch 1794)
Crenicichla sp. ,
Lugubria cincta,(Regan 1905)
Satanoperca jurupari,(Heckel 1840)
Leporinus friderici,(Bloch 1794)
Acaronia nassa,(Heckel 1840)
Cichlasoma amazonarum,Kullander 1983
Aequidens tetramerus,(Heckel 1840)
Pimelodella cristata,(Müller & Troschel 1849)
Mesonauta mirificus,Kullander & Silfvergrip 1991
Brachyhypopomus sp. ,
Steatogenys elegans,(Steindachner 1880)
Thayeria obliqua,Eigenmann 1908
Hemigrammus sp. ,
Moenkhausia ceros,Eigenmann 1908
Leporinus sp. 1,
Anadoras grypus,(Cope 1872)
Cyphocharax sp. ,
Characidae sp. ,
Semaprochilodus insignis,(Jardine 1841)
Satanoperca jurupari,(Heckel 1840)
Heros efasciatus,Heckel 1840
Chilodus punctatus,Müller & Troschel 1844
Ctenobrycon hauxwellianus,(Cope 1870)
Biotodoma cupido,(Heckel 1840)
Mesonauta mirificus,Kullander & Silfvergrip 1991
Iguanodectes spilurus,(Günther 1864)
Cyphocharax sp. 2,
Moenkhausia collettii,(Steindachner 1882)
Dianema urostriatum,(Miranda Ribeiro 1912)
Dianema urostriatum,(Miranda Ribeiro 1912)
Dianema urostriatum,(Miranda Ribeiro 1912)
Eigenmannia sp. ,
Moenkhausia ceros,Eigenmann 1908
Moenkhausia sp. 1,
Moenkhausia sp. 2,
Hemigrammus levis,Durbin 1908
Hemigrammus cf. hyanuary,Durbin 1918
Laemolyta taeniata ,(Kner 1858)
Crenicichla sp. ,
Serrasalmus rhombeus ,(Linnaeus 1766)
Hemiodus sp. ,
Bryconops sp. ,
Anchoviella sp.,
Hyphessobrycon copelandi,Durbin 1908
