clase,orden
Chondrichthyes,Myliobatiformes
Chondrichthyes,Myliobatiformes
Chondrichthyes,Myliobatiformes
Chondrichthyes,Myliobatiformes
Chondrichthyes,Myliobatiformes
Chondrichthyes,Myliobatiformes
Chondrichthyes,Myliobatiformes
Chondrichthyes,Myliobatiformes
Sarcopterygii,Lepidosireniformes
Actinopterygii,Osteoglossiformes
Actinopterygii,Osteoglossiformes
Actinopterygii,Osteoglossiformes
Actinopterygii,Osteoglossiformes
Actinopterygii,Clupeiformes
Actinopterygii,Clupeiformes
Actinopterygii,Clupeiformes
Actinopterygii,Clupeiformes
Actinopterygii,Clupeiformes
Actinopterygii,Clupeiformes
Actinopterygii,Clupeiformes
Actinopterygii,Characiformes
Actinopterygii,Characiformes
Actinopterygii,Characiformes
Actinopterygii,Characiformes
Actinopterygii,Characiformes
Actinopterygii,Characiformes
Actinopterygii,Characiformes
Actinopterygii,Characiformes
Actinopterygii,Characiformes
Actinopterygii,Characiformes
Actinopterygii,Characiformes
Actinopterygii,Characiformes
Actinopterygii,Characiformes
Actinopterygii,Characiformes
Actinopterygii,Characiformes
Actinopterygii,Characiformes
Actinopterygii,Characiformes
Actinopterygii,Characiformes
Actinopterygii,Characiformes
Actinopterygii,Characiformes
Actinopterygii,Characiformes
Actinopterygii,Characiformes
Actinopterygii,Characiformes
Actinopterygii,Characiformes
Actinopterygii,Characiformes
Actinopterygii,Characiformes
Actinopterygii,Characiformes
Actinopterygii,Characiformes
Actinopterygii,Characiformes
Actinopterygii,Characiformes
Actinopterygii,Characiformes
Actinopterygii,Characiformes
Actinopterygii,Characiformes
Actinopterygii,Characiformes
Actinopterygii,Characiformes
Actinopterygii,Characiformes
Actinopterygii,Characiformes
Actinopterygii,Characiformes
Actinopterygii,Characiformes
Actinopterygii,Characiformes
Actinopterygii,Characiformes
Actinopterygii,Characiformes
Actinopterygii,Characiformes
Actinopterygii,Characiformes
Actinopterygii,Characiformes
Actinopterygii,Characiformes
Actinopterygii,Characiformes
Actinopterygii,Characiformes
Actinopterygii,Characiformes
Actinopterygii,Characiformes
Actinopterygii,Characiformes
Actinopterygii,Characiformes
Actinopterygii,Characiformes
Actinopterygii,Characiformes
Actinopterygii,Characiformes
Actinopterygii,Characiformes
Actinopterygii,Characiformes
Actinopterygii,Characiformes
Actinopterygii,Characiformes
Actinopterygii,Characiformes
Actinopterygii,Characiformes
Actinopterygii,Characiformes
Actinopterygii,Characiformes
Actinopterygii,Characiformes
Actinopterygii,Characiformes
Actinopterygii,Characiformes
Actinopterygii,Characiformes
Actinopterygii,Characiformes
Actinopterygii,Characiformes
Actinopterygii,Characiformes
Actinopterygii,Characiformes
Actinopterygii,Characiformes
Actinopterygii,Characiformes
Actinopterygii,Characiformes
Actinopterygii,Characiformes
Actinopterygii,Characiformes
Actinopterygii,Characiformes
Actinopterygii,Characiformes
Actinopterygii,Characiformes
Actinopterygii,Characiformes
Actinopterygii,Characiformes
Actinopterygii,Characiformes
Actinopterygii,Characiformes
Actinopterygii,Characiformes
Actinopterygii,Characiformes
Actinopterygii,Characiformes
Actinopterygii,Characiformes
Actinopterygii,Characiformes
Actinopterygii,Characiformes
Actinopterygii,Characiformes
Actinopterygii,Characiformes
Actinopterygii,Characiformes
Actinopterygii,Characiformes
Actinopterygii,Characiformes
Actinopterygii,Characiformes
Actinopterygii,Characiformes
Actinopterygii,Characiformes
Actinopterygii,Characiformes
Actinopterygii,Characiformes
Actinopterygii,Characiformes
Actinopterygii,Characiformes
Actinopterygii,Characiformes
Actinopterygii,Characiformes
Actinopterygii,Characiformes
Actinopterygii,Characiformes
Actinopterygii,Characiformes
Actinopterygii,Characiformes
Actinopterygii,Characiformes
Actinopterygii,Characiformes
Actinopterygii,Characiformes
Actinopterygii,Characiformes
Actinopterygii,Characiformes
Actinopterygii,Characiformes
Actinopterygii,Characiformes
Actinopterygii,Characiformes
Actinopterygii,Characiformes
Actinopterygii,Characiformes
Actinopterygii,Characiformes
Actinopterygii,Characiformes
Actinopterygii,Characiformes
Actinopterygii,Characiformes
Actinopterygii,Characiformes
Actinopterygii,Characiformes
Actinopterygii,Characiformes
Actinopterygii,Characiformes
Actinopterygii,Characiformes
Actinopterygii,Characiformes
Actinopterygii,Characiformes
Actinopterygii,Characiformes
Actinopterygii,Characiformes
Actinopterygii,Characiformes
Actinopterygii,Characiformes
Actinopterygii,Characiformes
Actinopterygii,Characiformes
Actinopterygii,Characiformes
Actinopterygii,Characiformes
Actinopterygii,Characiformes
Actinopterygii,Characiformes
Actinopterygii,Characiformes
Actinopterygii,Characiformes
Actinopterygii,Characiformes
Actinopterygii,Characiformes
Actinopterygii,Characiformes
Actinopterygii,Characiformes
Actinopterygii,Characiformes
Actinopterygii,Characiformes
Actinopterygii,Characiformes
Actinopterygii,Characiformes
Actinopterygii,Characiformes
Actinopterygii,Characiformes
Actinopterygii,Characiformes
Actinopterygii,Characiformes
Actinopterygii,Characiformes
Actinopterygii,Characiformes
Actinopterygii,Characiformes
Actinopterygii,Characiformes
Actinopterygii,Characiformes
Actinopterygii,Characiformes
Actinopterygii,Characiformes
Actinopterygii,Characiformes
Actinopterygii,Characiformes
Actinopterygii,Characiformes
Actinopterygii,Characiformes
Actinopterygii,Characiformes
Actinopterygii,Characiformes
Actinopterygii,Characiformes
Actinopterygii,Characiformes
Actinopterygii,Characiformes
Actinopterygii,Characiformes
Actinopterygii,Characiformes
Actinopterygii,Characiformes
Actinopterygii,Characiformes
Actinopterygii,Characiformes
Actinopterygii,Characiformes
Actinopterygii,Characiformes
Actinopterygii,Characiformes
Actinopterygii,Characiformes
Actinopterygii,Characiformes
Actinopterygii,Characiformes
Actinopterygii,Characiformes
Actinopterygii,Characiformes
Actinopterygii,Characiformes
Actinopterygii,Characiformes
Actinopterygii,Characiformes
Actinopterygii,Characiformes
Actinopterygii,Characiformes
Actinopterygii,Characiformes
Actinopterygii,Characiformes
Actinopterygii,Characiformes
Actinopterygii,Characiformes
Actinopterygii,Characiformes
Actinopterygii,Characiformes
Actinopterygii,Characiformes
Actinopterygii,Characiformes
Actinopterygii,Characiformes
Actinopterygii,Characiformes
Actinopterygii,Characiformes
Actinopterygii,Characiformes
Actinopterygii,Characiformes
Actinopterygii,Characiformes
Actinopterygii,Characiformes
Actinopterygii,Characiformes
Actinopterygii,Characiformes
Actinopterygii,Characiformes
Actinopterygii,Characiformes
Actinopterygii,Characiformes
Actinopterygii,Characiformes
Actinopterygii,Characiformes
Actinopterygii,Characiformes
Actinopterygii,Characiformes
Actinopterygii,Characiformes
Actinopterygii,Characiformes
Actinopterygii,Characiformes
Actinopterygii,Characiformes
Actinopterygii,Characiformes
Actinopterygii,Characiformes
Actinopterygii,Characiformes
Actinopterygii,Characiformes
Actinopterygii,Characiformes
Actinopterygii,Characiformes
Actinopterygii,Siluriformes
Actinopterygii,Siluriformes
Actinopterygii,Siluriformes
Actinopterygii,Siluriformes
Actinopterygii,Siluriformes
Actinopterygii,Siluriformes
Actinopterygii,Siluriformes
Actinopterygii,Siluriformes
Actinopterygii,Siluriformes
Actinopterygii,Siluriformes
Actinopterygii,Siluriformes
Actinopterygii,Siluriformes
Actinopterygii,Siluriformes
Actinopterygii,Siluriformes
Actinopterygii,Siluriformes
Actinopterygii,Siluriformes
Actinopterygii,Siluriformes
Actinopterygii,Siluriformes
Actinopterygii,Siluriformes
Actinopterygii,Siluriformes
Actinopterygii,Siluriformes
Actinopterygii,Siluriformes
Actinopterygii,Siluriformes
Actinopterygii,Siluriformes
Actinopterygii,Siluriformes
Actinopterygii,Siluriformes
Actinopterygii,Siluriformes
Actinopterygii,Siluriformes
Actinopterygii,Siluriformes
Actinopterygii,Siluriformes
Actinopterygii,Siluriformes
Actinopterygii,Siluriformes
Actinopterygii,Siluriformes
Actinopterygii,Siluriformes
Actinopterygii,Siluriformes
Actinopterygii,Siluriformes
Actinopterygii,Siluriformes
Actinopterygii,Siluriformes
Actinopterygii,Siluriformes
Actinopterygii,Siluriformes
Actinopterygii,Siluriformes
Actinopterygii,Siluriformes
Actinopterygii,Siluriformes
Actinopterygii,Siluriformes
Actinopterygii,Siluriformes
Actinopterygii,Siluriformes
Actinopterygii,Siluriformes
Actinopterygii,Siluriformes
Actinopterygii,Siluriformes
Actinopterygii,Siluriformes
Actinopterygii,Siluriformes
Actinopterygii,Siluriformes
Actinopterygii,Siluriformes
Actinopterygii,Siluriformes
Actinopterygii,Siluriformes
Actinopterygii,Siluriformes
Actinopterygii,Siluriformes
Actinopterygii,Siluriformes
Actinopterygii,Siluriformes
Actinopterygii,Siluriformes
Actinopterygii,Siluriformes
Actinopterygii,Siluriformes
Actinopterygii,Siluriformes
Actinopterygii,Siluriformes
Actinopterygii,Siluriformes
Actinopterygii,Siluriformes
Actinopterygii,Siluriformes
Actinopterygii,Siluriformes
Actinopterygii,Siluriformes
Actinopterygii,Siluriformes
Actinopterygii,Siluriformes
Actinopterygii,Siluriformes
Actinopterygii,Siluriformes
Actinopterygii,Siluriformes
Actinopterygii,Siluriformes
Actinopterygii,Siluriformes
Actinopterygii,Siluriformes
Actinopterygii,Siluriformes
Actinopterygii,Siluriformes
Actinopterygii,Siluriformes
Actinopterygii,Siluriformes
Actinopterygii,Siluriformes
Actinopterygii,Siluriformes
Actinopterygii,Siluriformes
Actinopterygii,Siluriformes
Actinopterygii,Siluriformes
Actinopterygii,Siluriformes
Actinopterygii,Siluriformes
Actinopterygii,Siluriformes
Actinopterygii,Siluriformes
Actinopterygii,Siluriformes
Actinopterygii,Siluriformes
Actinopterygii,Siluriformes
Actinopterygii,Siluriformes
Actinopterygii,Siluriformes
Actinopterygii,Siluriformes
Actinopterygii,Siluriformes
Actinopterygii,Siluriformes
Actinopterygii,Siluriformes
Actinopterygii,Siluriformes
Actinopterygii,Siluriformes
Actinopterygii,Siluriformes
Actinopterygii,Siluriformes
Actinopterygii,Siluriformes
Actinopterygii,Siluriformes
Actinopterygii,Siluriformes
Actinopterygii,Siluriformes
Actinopterygii,Siluriformes
Actinopterygii,Siluriformes
Actinopterygii,Siluriformes
Actinopterygii,Siluriformes
Actinopterygii,Siluriformes
Actinopterygii,Siluriformes
Actinopterygii,Siluriformes
Actinopterygii,Gymnotiformes
Actinopterygii,Gymnotiformes
Actinopterygii,Gymnotiformes
Actinopterygii,Gymnotiformes
Actinopterygii,Gymnotiformes
Actinopterygii,Gymnotiformes
Actinopterygii,Gymnotiformes
Actinopterygii,Gymnotiformes
Actinopterygii,Gymnotiformes
Actinopterygii,Salmoniformes
Actinopterygii,Salmoniformes
Actinopterygii,Batrachoidiformes
Actinopterygii,Batrachoidiformes
Actinopterygii,Synbranchiformes
Actinopterygii,Synbranchiformes
Actinopterygii,Synbranchiformes
Actinopterygii,Carangiformes
Actinopterygii,Carangiformes
Actinopterygii,Carangiformes
Actinopterygii,Carangiformes
Actinopterygii,Carangiformes
Actinopterygii,Carangiformes
Actinopterygii,Carangiformes
Actinopterygii,Cichliformes
Actinopterygii,Cichliformes
Actinopterygii,Cichliformes
Actinopterygii,Cichliformes
Actinopterygii,Cichliformes
Actinopterygii,Cichliformes
Actinopterygii,Cichliformes
Actinopterygii,Cichliformes
Actinopterygii,Cichliformes
Actinopterygii,Cichliformes
Actinopterygii,Cichliformes
Actinopterygii,Cichliformes
Actinopterygii,Cichliformes
Actinopterygii,Cichliformes
Actinopterygii,Cichliformes
Actinopterygii,Cichliformes
Actinopterygii,Cichliformes
Actinopterygii,Cichliformes
Actinopterygii,Cichliformes
Actinopterygii,Cichliformes
Actinopterygii,Cichliformes
Actinopterygii,Cichliformes
Actinopterygii,Cichliformes
Actinopterygii,Characiformes
Actinopterygii,Characiformes
Actinopterygii,Characiformes
Actinopterygii,Cichliformes
Actinopterygii,Cichliformes
Actinopterygii,Cichliformes
Actinopterygii,Cichliformes
Actinopterygii,Cichliformes
Actinopterygii,Cichliformes
Actinopterygii,Cichliformes
Actinopterygii,Cichliformes
Actinopterygii,Cichliformes
Actinopterygii,Cichliformes
Actinopterygii,Cichliformes
Actinopterygii,Cichliformes
Actinopterygii,Cichliformes
Actinopterygii,Cichliformes
Actinopterygii,Cichliformes
Actinopterygii,Cichliformes
Actinopterygii,Cichliformes
Actinopterygii,Cichliformes
Actinopterygii,Cichliformes
Actinopterygii,Cichliformes
Actinopterygii,Cichliformes
Actinopterygii,Cichliformes
Actinopterygii,Cichliformes
Actinopterygii,Cichliformes
Actinopterygii,Cichliformes
Actinopterygii,Cichliformes
Actinopterygii,Cichliformes
Actinopterygii,Cichliformes
Actinopterygii,Cichliformes
Actinopterygii,Cichliformes
Actinopterygii,Cichliformes
Actinopterygii,Cichliformes
Actinopterygii,Cichliformes
Actinopterygii,Cichliformes
Actinopterygii,Cichliformes
Actinopterygii,Cichliformes
Actinopterygii,Cichliformes
Actinopterygii,Cichliformes
Actinopterygii,Cichliformes
Actinopterygii,Cichliformes
Actinopterygii,Cichliformes
Actinopterygii,Cichliformes
Actinopterygii,Cichliformes
Actinopterygii,Cichliformes
Actinopterygii,Cichliformes
Actinopterygii,Cichliformes
Actinopterygii,Cichliformes
Actinopterygii,Cichliformes
Actinopterygii,Cichliformes
Actinopterygii,Cichliformes
Actinopterygii,Cichliformes
Actinopterygii,Cichliformes
Actinopterygii,Cichliformes
Actinopterygii,Cichliformes
Actinopterygii,Cichliformes
Actinopterygii,Cichliformes
Actinopterygii,Cichliformes
Actinopterygii,Cichliformes
Actinopterygii,Cichliformes
Actinopterygii,Cichliformes
Actinopterygii,Cichliformes
Actinopterygii,Cichliformes
Actinopterygii,Cichliformes
Actinopterygii,Cichliformes
Actinopterygii,Cichliformes
Actinopterygii,Cichliformes
Actinopterygii,Cichliformes
Actinopterygii,Cichliformes
Actinopterygii,Cichliformes
Actinopterygii,Cichliformes
Actinopterygii,Cichliformes
Actinopterygii,Cichliformes
Actinopterygii,Cichliformes
Actinopterygii,Cichliformes
Actinopterygii,Cichliformes
Actinopterygii,Cichliformes
Actinopterygii,Cichliformes
Actinopterygii,Cichliformes
Actinopterygii,Cichliformes
Actinopterygii,Cichliformes
Actinopterygii,Cichliformes
Actinopterygii,Cichliformes
Actinopterygii,Cichliformes
Actinopterygii,Cichliformes
Actinopterygii,Cichliformes
Actinopterygii,Cichliformes
Actinopterygii,Cichliformes
Actinopterygii,Cichliformes
Actinopterygii,Cichliformes
Actinopterygii,Cichliformes
Actinopterygii,Cichliformes
Actinopterygii,Cichliformes
Actinopterygii,Cichliformes
Actinopterygii,Cichliformes
Actinopterygii,Cichliformes
Actinopterygii,Cichliformes
Actinopterygii,Cichliformes
Actinopterygii,Cichliformes
Actinopterygii,Cichliformes
Actinopterygii,Cichliformes
Actinopterygii,Cichliformes
Actinopterygii,Cichliformes
Actinopterygii,Cichliformes
Actinopterygii,Cichliformes
Actinopterygii,Cichliformes
Actinopterygii,Cichliformes
Actinopterygii,Cichliformes
Actinopterygii,Cichliformes
Actinopterygii,Cichliformes
Actinopterygii,Cichliformes
Actinopterygii,Cichliformes
Actinopterygii,Cichliformes
Actinopterygii,Cichliformes
Actinopterygii,Cichliformes
Actinopterygii,Cichliformes
Actinopterygii,Cichliformes
Actinopterygii,Cichliformes
Actinopterygii,Cichliformes
Actinopterygii,Cichliformes
Actinopterygii,Cichliformes
Actinopterygii,Cichliformes
Actinopterygii,Clupeiformes
Actinopterygii,Cichliformes
Actinopterygii,Cichliformes
Actinopterygii,Characiformes
Actinopterygii,Characiformes
Actinopterygii,Characiformes
Actinopterygii,Characiformes
Actinopterygii,Carangiformes
Actinopterygii,Siluriformes
Actinopterygii,Carangiformes
Actinopterygii,Cichliformes
Actinopterygii,Siluriformes
Actinopterygii,Characiformes
Actinopterygii,Characiformes
Actinopterygii,Characiformes
Actinopterygii,Cichliformes
Actinopterygii,Cichliformes
Actinopterygii,Gymnotiformes
Actinopterygii,Gymnotiformes
Actinopterygii,Characiformes
Actinopterygii,Characiformes
Actinopterygii,Characiformes
Actinopterygii,Siluriformes
Actinopterygii,Characiformes
Actinopterygii,Cichliformes
Actinopterygii,Siluriformes
Actinopterygii,Characiformes
Actinopterygii,Characiformes
Actinopterygii,Tetraodontiformes
Actinopterygii,Siluriformes
Actinopterygii,Characiformes
Actinopterygii,Characiformes
Actinopterygii,Characiformes
Actinopterygii,Tetraodontiformes
Actinopterygii,Carangiformes
Actinopterygii,Siluriformes
Actinopterygii,Siluriformes
Actinopterygii,Characiformes
Actinopterygii,Characiformes
Actinopterygii,Characiformes
Actinopterygii,Characiformes
Actinopterygii,Characiformes
Actinopterygii,Characiformes
Actinopterygii,Tetraodontiformes
Actinopterygii,Characiformes
Actinopterygii,Characiformes
Actinopterygii,Cichliformes
Actinopterygii,Siluriformes
Actinopterygii,Siluriformes
Actinopterygii,Tetraodontiformes
Actinopterygii,Characiformes
Actinopterygii,Characiformes
Actinopterygii,Characiformes
Actinopterygii,Characiformes
Actinopterygii,Characiformes
Actinopterygii,Tetraodontiformes
Actinopterygii,Characiformes
Actinopterygii,Carangiformes
Actinopterygii,Characiformes
Actinopterygii,Characiformes
Actinopterygii,Cichliformes
Actinopterygii,Characiformes
Actinopterygii,Characiformes
Actinopterygii,Siluriformes
Actinopterygii,Siluriformes
Actinopterygii,Clupeiformes
Actinopterygii,Carangiformes
Actinopterygii,Siluriformes
Actinopterygii,Characiformes
Actinopterygii,Cichliformes
Actinopterygii,Characiformes
Actinopterygii,Characiformes
Actinopterygii,Characiformes
Actinopterygii,Tetraodontiformes
Actinopterygii,Tetraodontiformes
Actinopterygii,Characiformes
Actinopterygii,Characiformes
Actinopterygii,Characiformes
Actinopterygii,Characiformes
Actinopterygii,Characiformes
Actinopterygii,Characiformes
Actinopterygii,Characiformes
Actinopterygii,Characiformes
Actinopterygii,Characiformes
Actinopterygii,Characiformes
Actinopterygii,Carangiformes
Actinopterygii,Characiformes
Actinopterygii,Characiformes
Actinopterygii,Tetraodontiformes
Actinopterygii,Siluriformes
Actinopterygii,Characiformes
Actinopterygii,Cichliformes
Actinopterygii,Siluriformes
Actinopterygii,Siluriformes
Actinopterygii,Siluriformes
Actinopterygii,Siluriformes
Actinopterygii,Siluriformes
Actinopterygii,Siluriformes
Actinopterygii,Characiformes
Actinopterygii,Characiformes
Actinopterygii,Characiformes
Actinopterygii,Characiformes
Actinopterygii,Characiformes
Actinopterygii,Characiformes
Actinopterygii,Characiformes
Actinopterygii,Characiformes
Actinopterygii,Characiformes
Actinopterygii,Cichliformes
Actinopterygii,Cichliformes
Actinopterygii,Characiformes
Actinopterygii,Characiformes
Actinopterygii,Characiformes
Actinopterygii,Characiformes
Actinopterygii,Characiformes
Actinopterygii,Characiformes
Actinopterygii,Gymnotiformes
Actinopterygii,Cichliformes
Actinopterygii,Characiformes
Actinopterygii,Characiformes
Actinopterygii,Characiformes
Actinopterygii,Characiformes
Actinopterygii,Siluriformes
Actinopterygii,Siluriformes
Actinopterygii,Siluriformes
Actinopterygii,Characiformes
Actinopterygii,Siluriformes
Actinopterygii,Characiformes
Actinopterygii,Characiformes
Actinopterygii,Characiformes
Actinopterygii,Characiformes
Actinopterygii,Characiformes
Actinopterygii,Characiformes
Actinopterygii,Characiformes
Actinopterygii,Characiformes
Actinopterygii,Siluriformes
Actinopterygii,Beloniformes
Actinopterygii,Beloniformes
Actinopterygii,Siluriformes
Actinopterygii,Siluriformes
Actinopterygii,Characiformes
Actinopterygii,Characiformes
Actinopterygii,Siluriformes
Actinopterygii,Siluriformes
Actinopterygii,Gymnotiformes
Actinopterygii,Siluriformes
Actinopterygii,Characiformes
Actinopterygii,Gymnotiformes
Actinopterygii,Siluriformes
Actinopterygii,Siluriformes
Actinopterygii,Siluriformes
Actinopterygii,Siluriformes
Actinopterygii,Siluriformes
Actinopterygii,Characiformes
Actinopterygii,Characiformes
Actinopterygii,Characiformes
Actinopterygii,Characiformes
Actinopterygii,Gymnotiformes
Actinopterygii,Gymnotiformes
Actinopterygii,Characiformes
Actinopterygii,Characiformes
Actinopterygii,Characiformes
Actinopterygii,Characiformes
Actinopterygii,Characiformes
Actinopterygii,Characiformes
Actinopterygii,Characiformes
Actinopterygii,Characiformes
Actinopterygii,Characiformes
Actinopterygii,Siluriformes
Actinopterygii,Siluriformes
Actinopterygii,Characiformes
Actinopterygii,Characiformes
Actinopterygii,Characiformes
Actinopterygii,Characiformes
Actinopterygii,Characiformes
Actinopterygii,Siluriformes
Actinopterygii,Characiformes
Actinopterygii,Siluriformes
Actinopterygii,Characiformes
Actinopterygii,Characiformes
Actinopterygii,Characiformes
Actinopterygii,Characiformes
Actinopterygii,Characiformes
Actinopterygii,Siluriformes
Actinopterygii,Characiformes
Actinopterygii,Siluriformes
Actinopterygii,Cyprinodontiformes
Actinopterygii,Siluriformes
Actinopterygii,Siluriformes
Actinopterygii,Characiformes
Actinopterygii,Characiformes
Actinopterygii,Characiformes
Actinopterygii,Characiformes
Actinopterygii,Characiformes
Actinopterygii,Characiformes
Actinopterygii,Siluriformes
Actinopterygii,Characiformes
Actinopterygii,Characiformes
Actinopterygii,Cichliformes
Actinopterygii,Cichliformes
Actinopterygii,Siluriformes
Actinopterygii,Cichliformes
Actinopterygii,Cichliformes
Actinopterygii,Siluriformes
Actinopterygii,Siluriformes
Actinopterygii,Siluriformes
Actinopterygii,Siluriformes
Actinopterygii,Siluriformes
Actinopterygii,Siluriformes
Actinopterygii,Siluriformes
Actinopterygii,Gymnotiformes
Actinopterygii,Beloniformes
Actinopterygii,Siluriformes
Actinopterygii,Siluriformes
Actinopterygii,Batrachoidiformes
Actinopterygii,Characiformes
Actinopterygii,Siluriformes
Actinopterygii,Characiformes
Actinopterygii,Characiformes
Actinopterygii,Characiformes
Actinopterygii,Characiformes
Actinopterygii,Characiformes
Actinopterygii,Characiformes
Actinopterygii,Characiformes
Actinopterygii,Characiformes
Actinopterygii,Characiformes
Actinopterygii,Siluriformes
Actinopterygii,Cichliformes
Actinopterygii,Siluriformes
Actinopterygii,Gymnotiformes
Actinopterygii,Characiformes
Actinopterygii,Characiformes
Actinopterygii,Characiformes
Actinopterygii,Cichliformes
Actinopterygii,Characiformes
Actinopterygii,Cichliformes
Actinopterygii,Siluriformes
Actinopterygii,Siluriformes
Actinopterygii,Siluriformes
Actinopterygii,Siluriformes
Actinopterygii,Cichliformes
Actinopterygii,Siluriformes
Actinopterygii,Siluriformes
Actinopterygii,Characiformes
Actinopterygii,Beloniformes
Actinopterygii,Characiformes
Actinopterygii,Characiformes
Actinopterygii,Siluriformes
Actinopterygii,Characiformes
Actinopterygii,Synbranchiformes
Actinopterygii,Characiformes
Actinopterygii,Siluriformes
Actinopterygii,Cichliformes
Actinopterygii,Cichliformes
Actinopterygii,Cichliformes
Actinopterygii,Cichliformes
Actinopterygii,Cichliformes
Actinopterygii,Characiformes
Actinopterygii,Characiformes
Actinopterygii,Characiformes
Actinopterygii,Characiformes
Actinopterygii,Characiformes
Actinopterygii,Characiformes
Actinopterygii,Characiformes
Actinopterygii,Characiformes
Actinopterygii,Characiformes
Actinopterygii,Cichliformes
Actinopterygii,Characiformes
Actinopterygii,Characiformes
Actinopterygii,Cichliformes
Actinopterygii,Characiformes
Actinopterygii,Cichliformes
Actinopterygii,Characiformes
Actinopterygii,Characiformes
Actinopterygii,Characiformes
Actinopterygii,Gymnotiformes
Actinopterygii,Characiformes
Actinopterygii,Siluriformes
Actinopterygii,Siluriformes
Actinopterygii,Characiformes
Actinopterygii,Characiformes
Actinopterygii,Gymnotiformes
Actinopterygii,Cichliformes
Actinopterygii,Characiformes
Actinopterygii,Characiformes
Actinopterygii,Cichliformes
Actinopterygii,Characiformes
Actinopterygii,Characiformes
Actinopterygii,Characiformes
Actinopterygii,Characiformes
Actinopterygii,Characiformes
Actinopterygii,Characiformes
Actinopterygii,Characiformes
Actinopterygii,Characiformes
Actinopterygii,Characiformes
Actinopterygii,Characiformes
Actinopterygii,Characiformes
Actinopterygii,Cichliformes
Actinopterygii,Cichliformes
Actinopterygii,Cichliformes
Actinopterygii,Cichliformes
Actinopterygii,Cichliformes
Actinopterygii,Cichliformes
Actinopterygii,Cichliformes
Actinopterygii,Siluriformes
Actinopterygii,Cichliformes
Actinopterygii,Gymnotiformes
Actinopterygii,Gymnotiformes
Actinopterygii,Characiformes
Actinopterygii,Characiformes
Actinopterygii,Characiformes
Actinopterygii,Characiformes
Actinopterygii,Siluriformes
Actinopterygii,Characiformes
Actinopterygii,
Actinopterygii,Characiformes
Actinopterygii,Cichliformes
Actinopterygii,Cichliformes
Actinopterygii,Characiformes
Actinopterygii,Characiformes
Actinopterygii,Cichliformes
Actinopterygii,Cichliformes
Actinopterygii,Characiformes
Actinopterygii,Characiformes
Actinopterygii,Characiformes
Actinopterygii,Siluriformes
Actinopterygii,Siluriformes
Actinopterygii,Siluriformes
Actinopterygii,Gymnotiformes
Actinopterygii,Characiformes
Actinopterygii,Characiformes
Actinopterygii,Characiformes
Actinopterygii,Characiformes
Actinopterygii,Characiformes
Actinopterygii,Characiformes
Actinopterygii,Cichliformes
Actinopterygii,Characiformes
Actinopterygii,Characiformes
Actinopterygii,Characiformes
Actinopterygii,Clupeiformes
Actinopterygii,Characiformes